preprocessing,k1,b,mean_precision_at_10,mean_recall_at_10,map
without_stopwords_with_stemming,0.5,0.0,0.20622222222222242,0.35520457283228185,0.2785689257188897
without_stopwords_with_stemming,0.5,0.75,0.22355555555555578,0.385022023899733,0.29735189588151073
without_stopwords_with_stemming,0.5,1.0,0.22400000000000023,0.3843745972523064,0.29806184101140715
without_stopwords_with_stemming,1.2,0.0,0.2155555555555557,0.36997564308374425,0.29069600451522337
without_stopwords_with_stemming,1.2,0.75,0.2382222222222224,0.3978109968138349,0.31961987719764307
without_stopwords_with_stemming,1.2,1.0,0.2360000000000002,0.39918302910253384,0.3138763700157216
without_stopwords_with_stemming,2.0,0.0,0.22488888888888905,0.386722673830775,0.2983124712444222
without_stopwords_with_stemming,2.0,0.75,0.2440000000000002,0.40489174322791466,0.3229536940131993
without_stopwords_with_stemming,2.0,1.0,0.24088888888888915,0.4049978439173488,0.3176010338501696
